{"cameraMode":{"drawMode":0,"name":"Shaded","section":"Shading Mode"},"sceneLighting":false,"audioPlay":false,"sceneViewState":{"showFog":false,"showMaterialUpdate":true,"showSkybox":false,"showFlares":true,"showImageEffects":true,"showParticleSystems":true},"in2DMode":false,"pivot":{"x":-6.0130462646484379,"y":0.9871068000793457,"z":1.7101658582687379},"rotation":{"x":0.18945731222629548,"y":-0.6146593689918518,"z":0.15531203150749207,"w":0.7497871518135071},"size":9.604690551757813,"orthographic":false}