{"cameraMode":{"drawMode":2,"name":"Shaded Wireframe","section":"Shading Mode"},"sceneLighting":false,"audioPlay":false,"sceneViewState":{"showFog":false,"showMaterialUpdate":true,"showSkybox":false,"showFlares":true,"showImageEffects":true,"showParticleSystems":true},"in2DMode":false,"pivot":{"x":-0.1432858407497406,"y":1.6273987293243409,"z":-5.960464477539063e-8},"rotation":{"x":0.6201222538948059,"y":0.012942529283463955,"z":-0.01023295521736145,"w":0.7843402028083801},"size":6.024708271026611,"orthographic":false}