{"cameraMode":{"drawMode":2,"name":"Shaded Wireframe","section":"Shading Mode"},"sceneLighting":false,"audioPlay":false,"sceneViewState":{"showFog":false,"showMaterialUpdate":true,"showSkybox":false,"showFlares":true,"showImageEffects":true,"showParticleSystems":true},"in2DMode":false,"pivot":{"x":64.19999694824219,"y":2.130000114440918,"z":4.800000190734863},"rotation":{"x":0.017919810488820077,"y":0.9704086780548096,"z":-0.2285574972629547,"w":0.07614194601774216},"size":5.7157673835754398,"orthographic":true}