{"cameraMode":{"drawMode":0,"name":"Shaded","section":"Shading Mode"},"sceneLighting":false,"audioPlay":false,"sceneViewState":{"showFog":false,"showMaterialUpdate":true,"showSkybox":false,"showFlares":true,"showImageEffects":true,"showParticleSystems":true},"in2DMode":false,"pivot":{"x":-0.531252384185791,"y":4.294600486755371,"z":0.02249741554260254},"rotation":{"x":0.016078639775514604,"y":0.9476891756057739,"z":-0.31510645151138308,"w":0.048356395214796069},"size":2.700057029724121,"orthographic":false}