{"cameraMode":{"drawMode":0,"name":"Shaded","section":"Shading Mode"},"sceneLighting":false,"audioPlay":false,"sceneViewState":{"showFog":false,"showMaterialUpdate":true,"showSkybox":false,"showFlares":true,"showImageEffects":true,"showParticleSystems":true},"in2DMode":false,"pivot":{"x":64.19999694824219,"y":2.130000114440918,"z":4.800000190734863},"rotation":{"x":0.03286878392100334,"y":0.9576656818389893,"z":-0.2588658332824707,"w":0.12159667164087296},"size":2.8578836917877199,"orthographic":false}