{"cameraMode":{"drawMode":0,"name":"Shaded","section":"Shading Mode"},"sceneLighting":false,"audioPlay":false,"sceneViewState":{"showFog":false,"showMaterialUpdate":true,"showSkybox":false,"showFlares":true,"showImageEffects":true,"showParticleSystems":true},"in2DMode":false,"pivot":{"x":-0.043216824531555179,"y":1.6353836059570313,"z":-0.028450965881347657},"rotation":{"x":0.03286878392100334,"y":0.9576656818389893,"z":-0.2588658332824707,"w":0.12159667164087296},"size":6.698056221008301,"orthographic":false}