{"cameraMode":{"drawMode":0,"name":"Shaded","section":"Shading Mode"},"sceneLighting":false,"audioPlay":false,"sceneViewState":{"showFog":false,"showMaterialUpdate":true,"showSkybox":false,"showFlares":true,"showImageEffects":true,"showParticleSystems":true},"in2DMode":false,"pivot":{"x":308.0,"y":330.86102294921877,"z":0.5699999928474426},"rotation":{"x":0.03286878392100334,"y":0.9576656818389893,"z":-0.2588658332824707,"w":0.12159667164087296},"size":5.579668045043945,"orthographic":false}