{"cameraMode":{"drawMode":2,"name":"Shaded Wireframe","section":"Shading Mode"},"sceneLighting":false,"audioPlay":false,"sceneViewState":{"showFog":false,"showMaterialUpdate":true,"showSkybox":false,"showFlares":true,"showImageEffects":true,"showParticleSystems":true},"in2DMode":false,"pivot":{"x":-1.211669921875,"y":1.5919189453125,"z":-0.8115234375},"rotation":{"x":0.15902981162071229,"y":0.37071338295936587,"z":-0.06458980590105057,"w":0.9127512574195862},"size":2.3192825317382814,"orthographic":true}